{"actions":[],"apps":[{"acl":{"app":[],"field":[],"record":[]},"app":null,"category":{"categories":[],"useCategory":"false"},"form":{"layout":"[{\"id\":null,\"type\":\"ROW\",\"isSubTable\":false,\"var\":null,\"controlList\":[{\"isVirtical\":true,\"styleMap\":{\"width\":196},\"type\":\"DATETIME\",\"var\":\"receivedDate\",\"label\":\"受信日時\"},{\"isVirtical\":true,\"styleMap\":{\"width\":193},\"type\":\"SINGLE_LINE_TEXT\",\"var\":\"from_\",\"label\":\"発信番号\"}],\"label\":null},{\"id\":null,\"type\":\"ROW\",\"isSubTable\":false,\"var\":null,\"controlList\":[{\"isVirtical\":true,\"styleMap\":{\"width\":510},\"type\":\"FILE\",\"var\":\"pdf\",\"label\":\"添付ファイル\"}],\"label\":null}]","revision":null},"iconMeta":null,"info":{"automaticallyChooseTitleComponent":"false","code":null,"decimalPrecision":"16","decimalScale":"4","description":"\u003Cdiv\u003ETwilio FAXをkintoneに保存するサンプルアプリです。\u003C/div\u003E\u003Cdiv\u003E使用方法は、\u003Ca href=\"https://goo.gl/Z71y5S\"\u003Eこちらの記事\u003C/a\u003Eをご覧ください。\u003C/div\u003E\u003Cdiv\u003E\u003Cbr /\u003E\u003C/div\u003E","enableBulkDeletion":"false","fiscalYearStartMonth":"4","iconKey":"APP39","iconType":"PRESET","jsFiles":null,"jsScope":"ALL","name":"FAX受信箱","roundingMode":"HALF_EVEN","theme":"PLAIN","titleComponentLocalId":null,"useComment":"true","useHistory":"true","useThumbnail":"true"},"jsFiles":[],"notification":{"appNotifications":[{"events":["RECORD_COMMENT_ADDED"],"target":{"entityId":"9269","entityType":"FIELD_ENTITY","includeSubs":"false"}},{"events":["RECORD_COMMENT_ADDED"],"target":{"entityId":"9270","entityType":"FIELD_ENTITY","includeSubs":"false"}}],"recordNotifications":[],"reminderTimezone":null,"reminders":[],"useComment":"true","useReminder":"false"},"plugin":{"pluginIds":[]},"reports":[],"resource":{"tables":[{"rows":[{"fields":[],"objectId":"0","subObjectId":"-1"}],"type":"AppName"},{"rows":[{"fields":[],"objectId":"0","subObjectId":"-1"}],"type":"AppDescription"},{"rows":[{"fields":[],"objectId":"9268","subObjectId":"-1"},{"fields":[],"objectId":"9269","subObjectId":"-1"},{"fields":[],"objectId":"9270","subObjectId":"-1"},{"fields":[],"objectId":"9271","subObjectId":"-1"},{"fields":[],"objectId":"9272","subObjectId":"-1"},{"fields":[],"objectId":"9273","subObjectId":"-1"},{"fields":[],"objectId":"9274","subObjectId":"-1"},{"fields":[],"objectId":"9275","subObjectId":"-1"},{"fields":[],"objectId":"9276","subObjectId":"-1"},{"fields":[],"objectId":"9277","subObjectId":"-1"},{"fields":[],"objectId":"9278","subObjectId":"-1"}],"type":"FieldLabel"},{"rows":[{"fields":[],"objectId":"20","subObjectId":"-1"}],"type":"ViewName"}]},"schema":{"groups":[],"revision":null,"subTable":{},"table":{"fieldList":{"9268":{"id":"9268","label":"レコード番号","properties":{"noLabel":"false","required":"true"},"type":"RECORD_ID","var":"レコード番号"},"9269":{"id":"9269","label":"更新者","properties":{"noLabel":"false","required":"true"},"type":"MODIFIER","var":"更新者"},"9270":{"id":"9270","label":"作成者","properties":{"noLabel":"false","required":"true"},"type":"CREATOR","var":"作成者"},"9271":{"id":"9271","label":"更新日時","properties":{"noLabel":"false","required":"true"},"type":"MODIFIED_AT","var":"更新日時"},"9272":{"id":"9272","label":"作成日時","properties":{"noLabel":"false","required":"true"},"type":"CREATED_AT","var":"作成日時"},"9273":{"id":"9273","label":"ステータス","properties":{"noLabel":"false","required":"false"},"type":"STATUS","var":"ステータス"},"9274":{"id":"9274","label":"作業者","properties":{"noLabel":"false","required":"false"},"type":"STATUS_ASSIGNEE","var":"作業者"},"9275":{"id":"9275","label":"カテゴリー","properties":{"noLabel":"false","required":"false"},"type":"CATEGORY","var":"カテゴリー"},"9276":{"id":"9276","label":"受信日時","properties":{"defaultExpression":"NOW","defaultValue":null,"noLabel":"false","required":"false","unique":"false"},"type":"DATETIME","var":"receivedDate"},"9277":{"id":"9277","label":"発信番号","properties":{"defaultValue":"","expression":"","hideExpression":"false","max":null,"min":null,"noLabel":"false","required":"false","unique":"false"},"type":"SINGLE_LINE_TEXT","var":"from_"},"9278":{"id":"9278","label":"添付ファイル","properties":{"noLabel":"true","required":"false","thumbnailSize":"500"},"type":"FILE","var":"pdf"}},"id":"1","label":"__ROOT__","properties":{"noLabel":"true"},"type":"TABLE","var":"__ROOT__"}},"status":{"actions":[],"filters":[],"initialStateId":null,"states":[],"useStatus":"false"},"uuid":"c964274c-738c-428f-866f-cf17b4cf5f45","views":[{"advancedMode":null,"builtinType":"ALL","device":null,"fields":[{"row":[{"columnWidth":null,"id":"9268"},{"columnWidth":null,"id":"9276"},{"columnWidth":null,"id":"9277"},{"columnWidth":null,"id":"9278"}]}],"filter":{"category":null,"offset":null,"order":[],"q":null,"size":null,"sort":[]},"html":null,"keyFieldId":null,"name":"（すべて）","pager":null,"revision":null,"titleFieldId":null,"view":"20","viewType":"LIST"}]}],"description":"","iconKey":"2017090207421315B9508FCC364C1393F9FC73358AF191329","iconMeta":{"internalName":null,"mime":"image/png","name":"twilio-logo2-01.png"},"iconSrcAppId":null,"iconType":"BLOB","imagesMeta":[{"internalName":null,"mime":"image/png","name":"スクリーンショット 2017-08-21 15.33.35.png"}],"lookups":[],"name":"FAX受信箱","references":[],"version":"30"}